<?xml version="1.0" encoding="utf-8"?>
<extension type="file" version="2.5" method="upgrade">
 
        <!-- Please use a unique name to make uninstall to work. Should be identical to your manifest filename. -->
        <name>com_jem_de-DE</name>
		<tag>de-DE</tag>
        <author>German Translation Team</author>
        <creationDate>3 June 2021</creationDate>
        <copyright>(C) 2005-2021 Christopher Lukes / JEM Translation Team</copyright>
        <license>http://www.gnu.org/licenses/gpl-2.0.html GNU/GPL</license>
        <authorEmail>info@joomlaeventmanager.net</authorEmail>
        <authorUrl>http://www.joomlaeventmanager.net</authorUrl>
        <version>2.3.1</version>
        <description>This is the de-DE language pack for JEM - an Event Manager for Joomla!
						For assistance in translations please visit the Transifex Project page of JEM at http://www.transifex.com/projects/p/JEM/
		</description>
 
        <!-- Fileset definition -->
        <fileset>
 
                <!-- back-end -->
                <files folder="admin_de-DE" target="administrator/components/com_jem/language/de-DE">
				        <filename>de-DE.com_jem.ini</filename>
                        <filename>de-DE.com_jem.sys.ini</filename>
                </files>
 
                <!-- front-end -->
                <files folder="site_de-DE" target="components/com_jem/language/de-DE">
                        <filename>de-DE.com_jem.ini</filename>			 
                </files>
				
				<!-- modules -->
				<files folder="site_de-DE" target="modules/mod_jem/language/de-DE">
                        <filename>de-DE.mod_jem.ini</filename>
						<filename>de-DE.mod_jem.sys.ini</filename>
			    </files>
				
				<files folder="site_de-DE" target="modules/mod_jem_wide/language/de-DE">
                        <filename>de-DE.mod_jem_wide.ini</filename>
						<filename>de-DE.mod_jem_wide.sys.ini</filename>
			    </files>
								
				<files folder="site_de-DE" target="modules/mod_jem_cal/language/de-DE">
                        <filename>de-DE.mod_jem_cal.ini</filename>
						<filename>de-DE.mod_jem_cal.sys.ini</filename>
			    </files>	
								
				<files folder="site_de-DE" target="modules/mod_jem_calajax/language/de-DE">
                        <filename>de-DE.mod_jem_calajax.ini</filename>
						<filename>de-DE.mod_jem_calajax.sys.ini</filename>
			    </files>
								
				<files folder="site_de-DE" target="modules/mod_jem_teaser/language/de-DE">
                        <filename>de-DE.mod_jem_teaser.ini</filename>
						<filename>de-DE.mod_jem_teaser.sys.ini</filename>
			    </files>		

				<files folder="site_de-DE" target="modules/mod_jem_banner/language/de-DE">
                        <filename>de-DE.mod_jem_banner.ini</filename>
						<filename>de-DE.mod_jem_banner.sys.ini</filename>		
			    </files>					
																
				<!-- plugins -->				
				<files folder="site_de-DE" target="plugins/finder/jem/language/de-DE">
                        <filename>de-DE.plg_finder_jem.ini</filename>
						<filename>de-DE.plg_finder_jem.sys.ini</filename>
			    </files>

				<files folder="site_de-DE" target="plugins/jem/comments/language/de-DE">
                        <filename>de-DE.plg_jem_comments.ini</filename>
						<filename>de-DE.plg_jem_comments.sys.ini</filename>
			    </files>
				
				<files folder="site_de-DE" target="plugins/jem/mailer/language/de-DE">
                        <filename>de-DE.plg_jem_mailer.ini</filename>
						<filename>de-DE.plg_jem_mailer.sys.ini</filename>
			    </files>
				
				<files folder="site_de-DE" target="plugins/search/jem/language/de-DE">
                        <filename>de-DE.plg_search_jem.ini</filename>
						<filename>de-DE.plg_search_jem.sys.ini</filename>
			    </files>

				
        </fileset>
</extension>

