<?xml version="1.0" encoding="UTF-8"?>
<extension type="plugin" group="finder" method="upgrade">
    <name>PLG_FINDER_JEM</name>
    <author>JEM Community</author>
    <creationDate>February 2026</creationDate>
    <copyright>copyright (C) 2013-2026 joomlaeventmanager.net</copyright>
    <license>https://www.gnu.org/licenses/gpl-3.0 GNU/GPL</license>
    <authorEmail>info@joomlaeventmanager.net</authorEmail>
    <authorUrl>https://www.joomlaeventmanager.net</authorUrl>
    <version>5.0.0-alpha1</version>
    <description>PLG_FINDER_JEM_XML_DESCRIPTION</description>

    <!-- <scriptfile>script.php</scriptfile> -->
    <files>
        <file plugin="jem">jem.php</file>
        <filename>index.html</filename>
    </files>
   <languages>
        <language tag="en-GB">language/en-GB/plg_finder_jem.ini</language>
         <language tag="en-GB">language/en-GB/plg_finder_jem.sys.ini</language>
    </languages>
</extension>
