<?xml version="1.0" encoding="utf-8"?>
<extension type="module" version="2.5" client="site" method="upgrade">
	<name>mod_jem</name>
	<author>JEM Community</author>
	<authorEmail>info@joomlaeventmanager.net</authorEmail>
	<authorUrl>http://www.joomlaeventmanager.net</authorUrl>
	<creationDate>March 2020</creationDate>
	<copyright>copyright (C) 2013-2020 joomlaeventmanager.net</copyright>
	<license>https://www.gnu.org/licenses/gpl-2.0.html GNU/GPL</license>
	<version>2.3.0</version>
	<description>MOD_JEM_XML_DESCRIPTION</description>

	<scriptfile>script.php</scriptfile>

	<files>
		<filename module="mod_jem">mod_jem.php</filename>
		<filename>helper.php</filename>
		<filename>script.php</filename>
		<filename>index.html</filename>

		<folder>tmpl</folder>
		<folder>language</folder>
	</files>

	<config>
		<fields name="params">
			<fieldset name="basic" addfieldpath="/administrator/components/com_jem/models/fields">
				<field name="type" type="list"
					default="0"
					label="MOD_JEM_UPCOMING_OR_ARCHIVED"
					description="MOD_JEM_UPCOMING_OR_ARCHIVED_DESC"
				>
					<option value="0">MOD_JEM_UPCOMING_EVENTS</option>
					<option value="1">MOD_JEM_UNFINISHED_EVENTS</option>
					<option value="2">MOD_JEM_ARCHIVED_EVENTS</option>
				</field>
				<field name="count" type="text"
					default="5"
					label="MOD_JEM_EVENTS_IN_MODULE"
					description="MOD_JEM_EVENTS_IN_MODULE_DESC"
				/>
				<field name="show_no_events" type="radio"
					default="1"
					label="MOD_JEM_SHOW_NO_EVENTS"
					description="MOD_JEM_SHOW_NO_EVENTS_DESC"
					class="btn-group btn-group-yesno"
				>
					<option value="1">JYES</option>
					<option value="0">JNO</option>
				</field>
				<field name="offset_hours" type="text"
					default=""
					label="MOD_JEM_OFFSET_HOURS"
					description="MOD_JEM_OFFSET_HOURS_DESC"
				/>
				<field name="showtitloc" type="list"
					default="1"
					label="MOD_JEM_TITLE_OR_VENUE"
					description="MOD_JEM_TITLE_OR_VENUE_DESC"
				>
					<option value="0">MOD_JEM_VENUE</option>
					<option value="1">MOD_JEM_TITLE</option>
				</field>
				<field name="cuttitle" type="text"
					default="18"
					label="MOD_JEM_MAX_TITLE_LENGTH"
					description="MOD_JEM_MAX_TITLE_LENGTH_DESC"
				/>
				<field name="linkloc" type="radio"
					default="1"
					label="MOD_JEM_LINK_TO_VENUE"
					description="MOD_JEM_LINK_TO_VENUE_DESC"
					class="btn-group btn-group-yesno"
				>
					<option value="1">JYES</option>
					<option value="0">JNO</option>
				</field>
				<field name="linkdet" type="list"
					default="1"
					label="MOD_JEM_LINK_TO_EVENT"
					description="MOD_JEM_LINK_TO_EVENT_DESC"
				>
					<option value="0">JNO</option>
					<option value="1">MOD_JEM_DATE</option>
					<option value="2">MOD_JEM_TITLE</option>
				</field>
				<field name="catid" type="categoryedit"
					default=""
					multiple="true"
					removeroot="true"
					label="MOD_JEM_CATEGORY_ID"
					description="MOD_JEM_CATEGORY_ID_DESC"
				/>
				<field name="venid" type="venueoptions"
					default=""
					multiple="true"
					label="MOD_JEM_VENUE_ID"
					description="MOD_JEM_VENUE_ID_DESC"
				/>
				<field name="formatdate" type="text"
					default="D, j. F Y"
					label="MOD_JEM_DATE_FORMAT"
					description="MOD_JEM_DATE_FORMAT_DESC"
				/>
				<field name="formattime" type="text"
					default="%H:%M"
					label="MOD_JEM_TIME_FORMAT"
					description="MOD_JEM_TIME_FORMAT_DESC"
				/>
				<field name="moduleclass_sfx" type="text"
					default=""
					label="MOD_JEM_MODULE_CLASS_SUFFIX"
					description="MOD_JEM_MODULE_CLASS_SUFFIX_DESC"
				/>
			</fieldset>

			<fieldset name="advanced">
				<field name="cache" type="list"
					default="1"
					label="MOD_JEM_CACHING"
					description="MOD_JEM_CACHING_DESC"
				>
					<option value="1">MOD_JEM_USE_GLOBAL</option>
					<option value="0">MOD_JEM_NO_CACHING</option>
				</field>
				<field name="cache_time" type="text"
					default="900"
					label="MOD_JEM_CACHE_TIME"
					description="MOD_JEM_CACHE_TIME_DESC"
				/>
			</fieldset>
		</fields>
	</config>
</extension>
