<?xml version="1.0" encoding="UTF-8"?>
<extension type="plugin" group="content" method="upgrade">
    <name>plg_content_jem</name>
    <author>JEM Community</author>
    <creationDate>February 2026</creationDate>
    <copyright>copyright (C) 2013-2026 joomlaeventmanager.net</copyright>
    <license>https://www.gnu.org/licenses/gpl-3.0 GNU/GPL</license>
    <authorEmail>info@joomlaeventmanager.net</authorEmail>
    <authorUrl>https://www.joomlaeventmanager.net</authorUrl>
    <version>5.0.0-alpha1</version>
    <description>PLG_CONTENT_JEM_XML_DESCRIPTION</description>

    <files>
        <filename plugin="jem">jem.php</filename>
        <filename>index.html</filename>
        <folder>language</folder>
    </files>

    <languages>
        <language tag="en-GB">language/en-GB/plg_content_jem.ini</language>
        <language tag="en-GB">language/en-GB/plg_content_jem.sys.ini</language>
    </languages>

</extension>
