<?xml version="1.0" encoding="UTF-8" ?>
<extension type="package" version="2.5" method="upgrade">
	<name>pkg_jem</name>
	<packagename>jem</packagename>
	<creationDate>April 2024</creationDate>
	<copyright>Copyright (C) 2013-2024 joomlaeventmanager.net</copyright>
	<license>https://www.gnu.org/licenses/gpl-3.0 GNU/GPL</license>
	<author>JEM Community</author>
	<authorEmail>info@joomlaeventmanager.net</authorEmail>
	<authorUrl>https://www.joomlaeventmanager.net</authorUrl>

	<version>4.2.3</version>
	<description>PKG_JEM_INSTALLATION_DESCRIPTION</description>
	<url>https://www.joomlaeventmanager.net/</url>
	<packager>JEM Community</packager>
	<packagerurl>https://www.joomlaeventmanager.net</packagerurl>

	<scriptfile>pkg_install.php</scriptfile>

	<files folder="packages">
		<file type="component" id="com_jem">com_jem.zip</file>

		<file type="module" id="mod_jem" client="site">mod_jem.zip</file>
		<file type="module" id="mod_jem_wide" client="site">mod_jem_wide.zip</file>
		<file type="module" id="mod_jem_cal" client="site">mod_jem_cal.zip</file>
		<!--file type="module" id="mod_jem_calajax" client="site">mod_jem_calajax.zip</file-->
		<file type="module" id="mod_jem_teaser" client="site">mod_jem_teaser.zip</file>
		<file type="module" id="mod_jem_banner" client="site">mod_jem_banner.zip</file>
		<file type="module" id="mod_jem_jubilee" client="site">mod_jem_jubilee.zip</file>

		<file type="plugin" id="jem" group="content">plg_content_jem.zip</file>
		<file type="plugin" id="jemlistevents" group="content">plg_content_jemlistevents.zip</file>
		<file type="plugin" id="jem" group="search">plg_search_jem.zip</file>
		<file type="plugin" id="jem" group="finder">plg_finder_jem.zip</file>
		<file type="plugin" id="comments" group="jem">plg_jem_comments.zip</file>
		<file type="plugin" id="mailer" group="jem">plg_jem_mailer.zip</file>
		<file type="plugin" id="jemquickicon" group="quickicon">plg_quickicon_jem.zip</file>
	</files>

	<languages folder="language">
		<language tag="en-GB">en-GB/pkg_jem.sys.ini</language>
	</languages>

	<updateservers>
		<server type="extension" name="JEM Update Site">https://www.joomlaeventmanager.net/updatecheck/update_pkg_jem.xml</server>
	</updateservers>
</extension>
