<?xml version="1.0" encoding="UTF-8"?>
<extension type="plugin" group="quickicon" method="upgrade">
    <name>plg_quickicon_jem</name>
    <author>JEM Community</author>
    <creationDate>February 2026</creationDate>
    <copyright>copyright (C) 2013-2026 joomlaeventmanager.net</copyright>
    <license>https://www.gnu.org/licenses/gpl-3.0 GNU/GPL</license>
    <authorEmail>info@joomlaeventmanager.net</authorEmail>
    <authorUrl>https://www.joomlaeventmanager.net</authorUrl>
    <version>5.0.0-alpha1</version>
    <description>PLG_QUICKICON_JEM_XML_DESCRIPTION</description>
    <namespace path="src">Joomla\Plugin\Quickicon\Jem</namespace>

    <scriptfile>script.php</scriptfile>
    <files>
        <filename plugin="jem">jem.php</filename>
        <filename>script.php</filename>
        <folder>services</folder>
        <folder>src</folder>
        <folder>language</folder>
    </files>
    <languages>
        <language tag="en-GB">language/en-GB/plg_quickicon_jem.ini</language>
        <language tag="en-GB">language/en-GB/plg_quickicon_jem.sys.ini</language>
    </languages>
</extension>