<?xml version="1.0" encoding="utf-8"?>
<extension version="2.5" type="plugin" group="content" method="upgrade">
	<name>plg_content_jem</name>
	<author>JEM Community</author>
	<authorEmail>info@joomlaeventmanager.net</authorEmail>
	<authorUrl>http://www.joomlaeventmanager.net</authorUrl>
	<creationDate>March 2020</creationDate>
	<copyright>copyright (C) 2013-2020 joomlaeventmanager.net</copyright>
	<license>https://www.gnu.org/licenses/gpl-2.0.html GNU/GPL</license>
	<version>2.3.0</version>
	<description>PLG_CONTENT_JEM_XML_DESCRIPTION</description>

	<files>
		<filename plugin="jem">jem.php</filename>
		<filename>index.html</filename>
	</files>

	<languages>
		<language tag="en-GB">language/en-GB/en-GB.plg_content_jem.ini</language>
		<language tag="en-GB">language/en-GB/en-GB.plg_content_jem.sys.ini</language>
	</languages>

</extension>
