<?xml version="1.0" encoding="utf-8"?>
<extension type="module" version="2.5" client="site" method="upgrade">
	<name>mod_jem_cal</name>
	<author>Toni Smillie, JEM Community</author>
	<authorEmail>toni@qivva.com, info@joomlaeventmanager.net</authorEmail>
	<authorUrl>http://www.qivva.com, http://www.joomlaeventmanager.net</authorUrl>
	<creationDate>04 August 2013</creationDate>

	<license>http://www.gnu.org/licenses/gpl-2.0.html GNU/GPL</license>
	<version>1.9.2</version>
	<description>MOD_JEM_CALENDAR_XML_DESCRIPTION</description>

	<files>
		<filename module="mod_jem_cal">mod_jem_cal.php</filename>
		<filename>mod_jem_cal.css</filename>
		<filename>helper.php</filename>
		<filename>tmpl/default.php</filename>
		

		<folder>language</folder>
	</files>

	<config>
		<fields name="params">
			<fieldset name="basic">
			<field name="Default_Stylesheet" type="radio" default="1" label="Use Default Stylesheet" description="Use the default stylesheet modules/mod_jem_cal/mod_jemcal15q.css">
			<option value="0">JNO</option>
			<option value="1">JYES</option>
		</field>
		<field name="User_stylesheet" type="text" default="" label="User Stylesheet" description="Use an alternative stylesheet e.g. modules/mod_jem_cal/mystylesheet.css" />	
		<field name="@spacer" type="spacer" default="" label="" description="" />
		<field name="Show_Tooltips" type="radio" default="1" label="Show Tooltips?" description="Choose to show tooltips on mouse rollover on calendar dates.">
			<option value="0">JNO</option>
			<option value="1">JYES</option>
		</field>
		<field name="Show_Tooltips_Title" type="radio" default="1" label="Show Tooltips Title?" description="Choose to show the tooltips title.">
			<option value="0">JNO</option>
			<option value="1">JYES</option>
		</field>
		<field name="cal15q_tooltips_title" type="text" default="Event" label="ToolTips Title (Singular)" description="Define the tooltips title (Singular)" />	
		<field name="cal15q_tooltipspl_title" type="text" default="Events" label="ToolTips Title (Plural)" description="Define the tooltips title (Plural)" />		
        	<field name="DisplayCat" type="radio" default="0" label="Display Category in Tooltip?" description="Display the Category in the Tooltip">
			<option value="0">JNO</option>
			<option value="1">Yes</option>
		</field>
		<field name="DisplayVenue" type="radio" default="0" label="Display Venue in Tooltip?" description="Display the Venue in the Tooltip">
			<option value="0">JNO</option>
			<option value="1">JYES</option>
		</field>
		<field name="@spacer" type="spacer" default="" label="" description="" />
		<field name="UseJoomlaLanguage" type="radio" default="1" label="Use Joomla Language for Days/Months?" description="Use the default Joomla language for Day and Month names">
			<option value="0">JNO</option>
			<option value="1">JYES</option>
		</field>
		<field name="day_name_length" type="list" default="2" label="Length of the Dayname" description="Select if you want to display the full dayname or a short version">
			<option value="0">COM_JEM_CAL_DONTDISPLAYDAYS</option>
			<option value="1">COM_JEM_CAL_ONELETTER</option>
			<option value="2">COM_JEM_CAL_TWOLETTERS</option>
			<option value="3">COM_JEM_CAL_THREELETTERS</option>
			<option value="4">COM_JEM_CAL_FULLNAME</option>
		</field>
		<field name="first_day" type="list" default="1" label="Start week" description="Start the week at sunday or monday">
			<option value="0">Sunday</option>
			<option value="1">Monday</option>
		</field>
		<field name="Year_length" type="radio" default="1" label="Year Length" description="Select to show 2 or 4 letters">
			<option value="0">COM_JEM_CAL_TWO</option>
			<option value="1">COM_JEM_CAL_FOUR</option>
		</field>
		<field name="Month_length" type="radio" default="0" label="Short month name?" description="Select if you wish to display the full month name or not.">
			<option value="0">JNO</option>
			<option value="1">JYES</option>
		</field>
		<field name="Month_offset" type="text" default="0" label="Month Offset" description="Offset the month so enter 1 for a month ahear, -1 for a month behind etc" />
		<field name="Time_offset" type="text" default="0" label="Time Offset (Hours)" description="Use this ONLY if you need to offset your time from the server settings" />
		<field name="@spacer" type="spacer" default="" label="" description="" />
		<field name="Remember" type="radio" default="1" label="Remember?" description="Remember which month/year is selected on page change, no jumping back to current day.">
			<option value="0">JNO</option>
			<option value="1">JYES</option>
		</field>
		<field name="CurrentEvents" type="radio" default="1" label="Show Current Events" description="Show current events. Do not set both this and Archive events to No otherwise NO events will show">
			<option value="0">JNO</option>
			<option value="1">JYES</option>
		</field>		
		<field name="ArchivedEvents" type="radio" default="0" label="Show Archived Events" description="Show archive events. Do not set both this and Current events to No otherwise NO events will show">
			<option value="0">JNO</option>
			<option value="1">JYES</option>
		</field>
		<field name="StraightToDetails" type="radio" default="1" label="Go Straight To Details?" description="Go straight to the details page when there is only one event to choose from">
			<option value="0">JNO</option>
			<option value="1">JYES</option>
		</field>
		<field name="@spacer" type="spacer" default="" label="" description="" />
		<field name="moduleclass_sfx" type="text" default="" label="Module Class Suffix" description="A suffix to be applied to the css class of the module (table.moduletable), this allows individual module styling" />
		<field name="locale_override" type="text" default="" label="Locale Override" description="Define the server locale you want the calendar to use to override the default - this can only be used if NOT using the default Joomla langauge" />
		<field name="catid" type="text" default="" label="CATEGORY ID" description="Category ID - Display a calendar only for the categories chosen, separate IDs with commas e.g. 1,3" />
		<field name="venid" type="text" default="" label="VENUE ID" description="Venue ID - Display a calendar only for the venue(s) chosen, separate IDs with commas e.g. 1,3" />
		<field name="FixItemID" type="text" default="" label="Override ItemID" description="Override the ItemID used when calendar link goes straight to details to a fixed menu item" />
				</fieldset>
		</fields>
	</config>
</extension>